--
-- PostgreSQL database dump
--

-- Dumped from database version 17.2 (Debian 17.2-1.pgdg120+1)
-- Dumped by pg_dump version 17.2 (Debian 17.2-1.pgdg120+1)

SET statement_timeout = 0;
SET lock_timeout = 0;
SET idle_in_transaction_session_timeout = 0;
SET transaction_timeout = 0;
SET client_encoding = 'UTF8';
SET standard_conforming_strings = on;
SELECT pg_catalog.set_config('search_path', '', false);
SET check_function_bodies = false;
SET xmloption = content;
SET client_min_messages = warning;
SET row_security = off;

SET default_tablespace = '';

SET default_table_access_method = heap;

--
-- Name: auth_group; Type: TABLE; Schema: public; Owner: postgres
--

CREATE TABLE public.auth_group (
    id integer NOT NULL,
    name character varying(150) NOT NULL
);


ALTER TABLE public.auth_group OWNER TO postgres;

--
-- Name: auth_group_id_seq; Type: SEQUENCE; Schema: public; Owner: postgres
--

ALTER TABLE public.auth_group ALTER COLUMN id ADD GENERATED BY DEFAULT AS IDENTITY (
    SEQUENCE NAME public.auth_group_id_seq
    START WITH 1
    INCREMENT BY 1
    NO MINVALUE
    NO MAXVALUE
    CACHE 1
);


--
-- Name: auth_group_permissions; Type: TABLE; Schema: public; Owner: postgres
--

CREATE TABLE public.auth_group_permissions (
    id bigint NOT NULL,
    group_id integer NOT NULL,
    permission_id integer NOT NULL
);


ALTER TABLE public.auth_group_permissions OWNER TO postgres;

--
-- Name: auth_group_permissions_id_seq; Type: SEQUENCE; Schema: public; Owner: postgres
--

ALTER TABLE public.auth_group_permissions ALTER COLUMN id ADD GENERATED BY DEFAULT AS IDENTITY (
    SEQUENCE NAME public.auth_group_permissions_id_seq
    START WITH 1
    INCREMENT BY 1
    NO MINVALUE
    NO MAXVALUE
    CACHE 1
);


--
-- Name: auth_permission; Type: TABLE; Schema: public; Owner: postgres
--

CREATE TABLE public.auth_permission (
    id integer NOT NULL,
    name character varying(255) NOT NULL,
    content_type_id integer NOT NULL,
    codename character varying(100) NOT NULL
);


ALTER TABLE public.auth_permission OWNER TO postgres;

--
-- Name: auth_permission_id_seq; Type: SEQUENCE; Schema: public; Owner: postgres
--

ALTER TABLE public.auth_permission ALTER COLUMN id ADD GENERATED BY DEFAULT AS IDENTITY (
    SEQUENCE NAME public.auth_permission_id_seq
    START WITH 1
    INCREMENT BY 1
    NO MINVALUE
    NO MAXVALUE
    CACHE 1
);


--
-- Name: auth_user; Type: TABLE; Schema: public; Owner: postgres
--

CREATE TABLE public.auth_user (
    id integer NOT NULL,
    password character varying(128) NOT NULL,
    last_login timestamp with time zone,
    is_superuser boolean NOT NULL,
    username character varying(150) NOT NULL,
    first_name character varying(150) NOT NULL,
    last_name character varying(150) NOT NULL,
    email character varying(254) NOT NULL,
    is_staff boolean NOT NULL,
    is_active boolean NOT NULL,
    date_joined timestamp with time zone NOT NULL
);


ALTER TABLE public.auth_user OWNER TO postgres;

--
-- Name: auth_user_groups; Type: TABLE; Schema: public; Owner: postgres
--

CREATE TABLE public.auth_user_groups (
    id bigint NOT NULL,
    user_id integer NOT NULL,
    group_id integer NOT NULL
);


ALTER TABLE public.auth_user_groups OWNER TO postgres;

--
-- Name: auth_user_groups_id_seq; Type: SEQUENCE; Schema: public; Owner: postgres
--

ALTER TABLE public.auth_user_groups ALTER COLUMN id ADD GENERATED BY DEFAULT AS IDENTITY (
    SEQUENCE NAME public.auth_user_groups_id_seq
    START WITH 1
    INCREMENT BY 1
    NO MINVALUE
    NO MAXVALUE
    CACHE 1
);


--
-- Name: auth_user_id_seq; Type: SEQUENCE; Schema: public; Owner: postgres
--

ALTER TABLE public.auth_user ALTER COLUMN id ADD GENERATED BY DEFAULT AS IDENTITY (
    SEQUENCE NAME public.auth_user_id_seq
    START WITH 1
    INCREMENT BY 1
    NO MINVALUE
    NO MAXVALUE
    CACHE 1
);


--
-- Name: auth_user_user_permissions; Type: TABLE; Schema: public; Owner: postgres
--

CREATE TABLE public.auth_user_user_permissions (
    id bigint NOT NULL,
    user_id integer NOT NULL,
    permission_id integer NOT NULL
);


ALTER TABLE public.auth_user_user_permissions OWNER TO postgres;

--
-- Name: auth_user_user_permissions_id_seq; Type: SEQUENCE; Schema: public; Owner: postgres
--

ALTER TABLE public.auth_user_user_permissions ALTER COLUMN id ADD GENERATED BY DEFAULT AS IDENTITY (
    SEQUENCE NAME public.auth_user_user_permissions_id_seq
    START WITH 1
    INCREMENT BY 1
    NO MINVALUE
    NO MAXVALUE
    CACHE 1
);


--
-- Name: cars_car; Type: TABLE; Schema: public; Owner: postgres
--

CREATE TABLE public.cars_car (
    id bigint NOT NULL,
    car_title character varying(255) NOT NULL,
    state character varying(100) NOT NULL,
    city character varying(100) NOT NULL,
    color character varying(100) NOT NULL,
    model character varying(100) NOT NULL,
    year integer NOT NULL,
    condition character varying(100) NOT NULL,
    price integer NOT NULL,
    description text NOT NULL,
    car_photo character varying(100) NOT NULL,
    car_photo_1 character varying(100),
    car_photo_2 character varying(100),
    car_photo_3 character varying(100),
    car_photo_4 character varying(100),
    features character varying(195) NOT NULL,
    body_style character varying(100) NOT NULL,
    engine character varying(100) NOT NULL,
    transmission character varying(100) NOT NULL,
    interior character varying(100) NOT NULL,
    miles integer NOT NULL,
    doors character varying(10) NOT NULL,
    passengers integer NOT NULL,
    vin_no character varying(100) NOT NULL,
    milage integer NOT NULL,
    fuel_type character varying(50) NOT NULL,
    no_of_owners character varying(100) NOT NULL,
    is_featured boolean NOT NULL,
    created_date date NOT NULL
);


ALTER TABLE public.cars_car OWNER TO postgres;

--
-- Name: cars_car_id_seq; Type: SEQUENCE; Schema: public; Owner: postgres
--

ALTER TABLE public.cars_car ALTER COLUMN id ADD GENERATED BY DEFAULT AS IDENTITY (
    SEQUENCE NAME public.cars_car_id_seq
    START WITH 1
    INCREMENT BY 1
    NO MINVALUE
    NO MAXVALUE
    CACHE 1
);


--
-- Name: django_admin_log; Type: TABLE; Schema: public; Owner: postgres
--

CREATE TABLE public.django_admin_log (
    id integer NOT NULL,
    action_time timestamp with time zone NOT NULL,
    object_id text,
    object_repr character varying(200) NOT NULL,
    action_flag smallint NOT NULL,
    change_message text NOT NULL,
    content_type_id integer,
    user_id integer NOT NULL,
    CONSTRAINT django_admin_log_action_flag_check CHECK ((action_flag >= 0))
);


ALTER TABLE public.django_admin_log OWNER TO postgres;

--
-- Name: django_admin_log_id_seq; Type: SEQUENCE; Schema: public; Owner: postgres
--

ALTER TABLE public.django_admin_log ALTER COLUMN id ADD GENERATED BY DEFAULT AS IDENTITY (
    SEQUENCE NAME public.django_admin_log_id_seq
    START WITH 1
    INCREMENT BY 1
    NO MINVALUE
    NO MAXVALUE
    CACHE 1
);


--
-- Name: django_content_type; Type: TABLE; Schema: public; Owner: postgres
--

CREATE TABLE public.django_content_type (
    id integer NOT NULL,
    app_label character varying(100) NOT NULL,
    model character varying(100) NOT NULL
);


ALTER TABLE public.django_content_type OWNER TO postgres;

--
-- Name: django_content_type_id_seq; Type: SEQUENCE; Schema: public; Owner: postgres
--

ALTER TABLE public.django_content_type ALTER COLUMN id ADD GENERATED BY DEFAULT AS IDENTITY (
    SEQUENCE NAME public.django_content_type_id_seq
    START WITH 1
    INCREMENT BY 1
    NO MINVALUE
    NO MAXVALUE
    CACHE 1
);


--
-- Name: django_migrations; Type: TABLE; Schema: public; Owner: postgres
--

CREATE TABLE public.django_migrations (
    id bigint NOT NULL,
    app character varying(255) NOT NULL,
    name character varying(255) NOT NULL,
    applied timestamp with time zone NOT NULL
);


ALTER TABLE public.django_migrations OWNER TO postgres;

--
-- Name: django_migrations_id_seq; Type: SEQUENCE; Schema: public; Owner: postgres
--

ALTER TABLE public.django_migrations ALTER COLUMN id ADD GENERATED BY DEFAULT AS IDENTITY (
    SEQUENCE NAME public.django_migrations_id_seq
    START WITH 1
    INCREMENT BY 1
    NO MINVALUE
    NO MAXVALUE
    CACHE 1
);


--
-- Name: django_session; Type: TABLE; Schema: public; Owner: postgres
--

CREATE TABLE public.django_session (
    session_key character varying(40) NOT NULL,
    session_data text NOT NULL,
    expire_date timestamp with time zone NOT NULL
);


ALTER TABLE public.django_session OWNER TO postgres;

--
-- Name: pages_team; Type: TABLE; Schema: public; Owner: postgres
--

CREATE TABLE public.pages_team (
    id bigint NOT NULL,
    first_name character varying(255) NOT NULL,
    last_name character varying(255) NOT NULL,
    designation character varying(255) NOT NULL,
    photo character varying(100) NOT NULL,
    facebook_link character varying(100) NOT NULL,
    twitter_link character varying(100) NOT NULL,
    google_plus_link character varying(100) NOT NULL,
    created_date timestamp with time zone NOT NULL
);


ALTER TABLE public.pages_team OWNER TO postgres;

--
-- Name: pages_team_id_seq; Type: SEQUENCE; Schema: public; Owner: postgres
--

ALTER TABLE public.pages_team ALTER COLUMN id ADD GENERATED BY DEFAULT AS IDENTITY (
    SEQUENCE NAME public.pages_team_id_seq
    START WITH 1
    INCREMENT BY 1
    NO MINVALUE
    NO MAXVALUE
    CACHE 1
);


--
-- Data for Name: auth_group; Type: TABLE DATA; Schema: public; Owner: postgres
--

COPY public.auth_group (id, name) FROM stdin;
\.


--
-- Data for Name: auth_group_permissions; Type: TABLE DATA; Schema: public; Owner: postgres
--

COPY public.auth_group_permissions (id, group_id, permission_id) FROM stdin;
\.


--
-- Data for Name: auth_permission; Type: TABLE DATA; Schema: public; Owner: postgres
--

COPY public.auth_permission (id, name, content_type_id, codename) FROM stdin;
1	Can add log entry	1	add_logentry
2	Can change log entry	1	change_logentry
3	Can delete log entry	1	delete_logentry
4	Can view log entry	1	view_logentry
5	Can add permission	2	add_permission
6	Can change permission	2	change_permission
7	Can delete permission	2	delete_permission
8	Can view permission	2	view_permission
9	Can add group	3	add_group
10	Can change group	3	change_group
11	Can delete group	3	delete_group
12	Can view group	3	view_group
13	Can add user	4	add_user
14	Can change user	4	change_user
15	Can delete user	4	delete_user
16	Can view user	4	view_user
17	Can add content type	5	add_contenttype
18	Can change content type	5	change_contenttype
19	Can delete content type	5	delete_contenttype
20	Can view content type	5	view_contenttype
21	Can add session	6	add_session
22	Can change session	6	change_session
23	Can delete session	6	delete_session
24	Can view session	6	view_session
25	Can add team	7	add_team
26	Can change team	7	change_team
27	Can delete team	7	delete_team
28	Can view team	7	view_team
29	Can add car	8	add_car
30	Can change car	8	change_car
31	Can delete car	8	delete_car
32	Can view car	8	view_car
\.


--
-- Data for Name: auth_user; Type: TABLE DATA; Schema: public; Owner: postgres
--

COPY public.auth_user (id, password, last_login, is_superuser, username, first_name, last_name, email, is_staff, is_active, date_joined) FROM stdin;
1	pbkdf2_sha256$870000$nzbZeFAi4yyXd7DlGRcUuj$8etU5OLlv9wkTwDI4au276O5Aa09tEQ8pt41mXVFrqI=	2024-12-16 21:47:06.717825+00	t	djangoadmin			romilsonlemes@gmai.com	t	t	2024-12-16 07:16:41.361216+00
\.


--
-- Data for Name: auth_user_groups; Type: TABLE DATA; Schema: public; Owner: postgres
--

COPY public.auth_user_groups (id, user_id, group_id) FROM stdin;
\.


--
-- Data for Name: auth_user_user_permissions; Type: TABLE DATA; Schema: public; Owner: postgres
--

COPY public.auth_user_user_permissions (id, user_id, permission_id) FROM stdin;
\.


--
-- Data for Name: cars_car; Type: TABLE DATA; Schema: public; Owner: postgres
--

COPY public.cars_car (id, car_title, state, city, color, model, year, condition, price, description, car_photo, car_photo_1, car_photo_2, car_photo_3, car_photo_4, features, body_style, engine, transmission, interior, miles, doors, passengers, vin_no, milage, fuel_type, no_of_owners, is_featured, created_date) FROM stdin;
2	FORD EDGE 2017	TX	Dallas	Black	Edge	2017	Used	25000	<p>The&nbsp;<strong>Ford Edge</strong>&nbsp;is a&nbsp;<a href="https://en.wikipedia.org/wiki/Crossover_(automobile)" title="Crossover (automobile)">crossover SUV</a>&nbsp;manufactured and marketed by the&nbsp;<a href="https://en.wikipedia.org/wiki/Ford_Motor_Company" title="Ford Motor Company">Ford Motor Company</a>&nbsp;introduced for the 2007 model year as the first&nbsp;<a href="https://en.wikipedia.org/wiki/Mid-size_CUV" title="Mid-size CUV">mid-size CUV</a>&nbsp;marketed by Ford in North America; now in its third generation. Deriving its name from a trim package of the&nbsp;<a href="https://en.wikipedia.org/wiki/Ford_Ranger_(Americas)" title="Ford Ranger (Americas)">Ford Ranger</a>, the Ford Edge is positioned between the&nbsp;<a href="https://en.wikipedia.org/wiki/Ford_Escape" title="Ford Escape">Ford Escape</a>&nbsp;and the&nbsp;<a href="https://en.wikipedia.org/wiki/Ford_Explorer" title="Ford Explorer">Ford Explorer</a>&nbsp;within the Ford product line.</p>\r\n\r\n<p>&nbsp;</p>	photos/2024/12/18/1901478607.jpg	photos/2024/12/18/1901478618.jpg	photos/2024/12/18/1901478646.jpg	photos/2024/12/18/1901478672.jpg	photos/2024/12/18/1901478687.jpg	Cruise Control,Audio Interface,Air Conditioning,Alarm System,Reversing Camera,Auto Start/Stop,Wind Deflector	SUV	3.4 Mid-Engine V7	Automatic	Grey	15000	5	5	WP0AB2C3D4E5F645S5	8	Petrol	1	t	2024-12-18
5	Toyota 4Runner - 2018	NY	New York	Cyan	4 Runner	2018	Used	15000	<p>The&nbsp;<strong>Toyota 4Runner</strong>&nbsp;is an&nbsp;<a href="https://en.wikipedia.org/wiki/SUV" title="SUV">SUV</a>&nbsp;manufactured by the Japanese automaker&nbsp;<a href="https://en.wikipedia.org/wiki/Toyota" title="Toyota">Toyota</a>&nbsp;and marketed globally since 1984, across six generations. In Japan, it was marketed as the&nbsp;<strong>Toyota Hilux Surf</strong>&nbsp;(<a href="https://en.wikipedia.org/wiki/Japanese_language" title="Japanese language">Japanese</a>:&nbsp;トヨタ・ハイラックスサーフ,&nbsp;<a href="https://en.wikipedia.org/wiki/Hepburn_romanization" title="Hepburn romanization">Hepburn</a>:&nbsp;<em>Toyota Hairakkususāfu</em>)&nbsp;and was withdrawn from the market in 2009. The original 4Runner was a&nbsp;<a href="https://en.wikipedia.org/wiki/Compact_SUV" title="Compact SUV">compact SUV</a>&nbsp;and little more than a Toyota&nbsp;<a href="https://en.wikipedia.org/wiki/Toyota_Hilux" title="Toyota Hilux">Hilux</a>&nbsp;pickup truck with a fiberglass shell over the bed, but the model has since undergone significant independent development into a cross between a compact and a mid-size SUV. All 4Runners have been built in Japan at Toyota&#39;s&nbsp;<a href="https://en.wikipedia.org/wiki/Tahara_plant" title="Tahara plant">plant</a>&nbsp;in&nbsp;<a href="https://en.wikipedia.org/wiki/Tahara,_Aichi" title="Tahara, Aichi">Tahara, Aichi</a>, or at the&nbsp;<a href="https://en.wikipedia.org/wiki/Hino_Motors" title="Hino Motors">Hino Motors</a>&nbsp;(a Toyota subsidiary) plant in&nbsp;<a href="https://en.wikipedia.org/wiki/Hamura" title="Hamura">Hamura</a>.</p>	photos/2024/12/18/1893633875.jpg	photos/2024/12/18/1893633879.jpg	photos/2024/12/18/1893633884.jpg	photos/2024/12/18/1896836883.jpg	photos/2024/12/18/1896836887.jpg	Cruise Control,Airbags,Air Conditioning,Alarm System,Power Steering,Reversing Camera,Direct Fuel Injection,Wind Deflector	SUV	2.2 Mid-Engine V2	Manual	Black	35000	5	5	R7U23K7AB2C3D4E5F6G	15000	Diesel	2	t	2024-12-18
3	FORD F250 Super Duty 2017	NY	Ohio	Black	F-250	2017	Used	30000	<p>The&nbsp;<strong>Ford Super Duty</strong>&nbsp;(also known as the&nbsp;<strong>Ford F-Series Super Duty</strong>) is a series of heavy-duty pickup trucks produced by the&nbsp;<a href="https://en.wikipedia.org/wiki/Ford_Motor_Company" title="Ford Motor Company">Ford Motor Company</a>&nbsp;since the 1999 model year. Slotted above the consumer-oriented Ford&nbsp;<a href="https://en.wikipedia.org/wiki/Ford_F-Series" title="Ford F-Series">F-150</a>, the Super Duty trucks are an expansion of the&nbsp;<a href="https://en.wikipedia.org/wiki/Ford_F-Series" title="Ford F-Series">Ford F-Series</a>&nbsp;range, from F-250 to the F-600. The F-250 through F-450 are offered as pickup trucks, while the F-350 through F-600 are offered as&nbsp;<a href="https://en.wikipedia.org/wiki/Chassis_cab" title="Chassis cab">chassis cabs</a>.</p>	photos/2024/12/18/1894300894.jpg	photos/2024/12/18/1894300905.jpg	photos/2024/12/18/1894300920.jpg	photos/2024/12/18/1900155012.jpg	photos/2024/12/18/1900155133.jpg	Cruise Control,ParkAssist,Reversing Camera,Wind Deflector,Bluetooth Handset	Job	4.1 Mid-Engine V8	Manual	Grey	8000	2	3	AOP0AF82C3D4E5F6G7H8	1	Petrol	2	t	2024-12-18
4	JAGUAR F-PACE - 2017	TX	Austin	Green	F-PACE	2017	Used	50000	<p>The&nbsp;<strong>Jaguar F-Pace</strong>&nbsp;(X761) is a&nbsp;<a href="https://en.wikipedia.org/wiki/Crossover_SUV" title="Crossover SUV">crossover SUV</a>&nbsp;made by&nbsp;<a href="https://en.wikipedia.org/wiki/Jaguar_Land_Rover" title="Jaguar Land Rover">Jaguar Land Rover</a>, a British&nbsp;<a href="https://en.wikipedia.org/wiki/Car_manufacturer" title="Car manufacturer">car manufacturer</a>, under their&nbsp;<a href="https://en.wikipedia.org/wiki/Jaguar_marque" title="Jaguar marque">Jaguar marque</a>. It is the first model to be built by Jaguar in the SUV class. It was formally announced at the&nbsp;<a href="https://en.wikipedia.org/wiki/2015_North_American_International_Auto_Show" title="2015 North American International Auto Show">2015 North American International Auto Show</a>&nbsp;in Detroit, with sales commencing in 2016 following an unveiling at the&nbsp;<a href="https://en.wikipedia.org/wiki/2015_International_Motor_Show_Germany" title="2015 International Motor Show Germany">2015 International Motor Show Germany</a>&nbsp;in Frankfurt.<a href="https://en.wikipedia.org/wiki/Jaguar_F-Pace#cite_note-5">[5]</a></p>	photos/2024/12/18/1902932503.jpg	photos/2024/12/18/1902932514.jpg	photos/2024/12/18/1902932528.jpg	photos/2024/12/18/1902932542.jpg		Cruise Control,Audio Interface,Airbags,Air Conditioning,Seat Heating,Alarm System,ParkAssist,Power Steering,Reversing Camera,Auto Start/Stop,Wind Deflector,Bluetooth Handset	Sport	3.4 Mid-Engine V4	Automatic	Black	12500	5	5	PA3K7P0AB2C3D4E5F6G	7	Petrol	1	t	2024-12-18
1	2017 Ferrari 488 GTS	TX	Austin	White	488 GTS	2017	Used	40000	<p>The&nbsp;<strong>Ferrari 488</strong>&nbsp;(Type F142M) is a&nbsp;<a href="https://en.wikipedia.org/wiki/Rear_mid-engine,_rear-wheel_drive_layout" title="Rear mid-engine, rear-wheel drive layout">mid-engine</a>&nbsp;<a href="https://en.wikipedia.org/wiki/Sports_car" title="Sports car">sports car</a>&nbsp;produced by the Italian automobile manufacturer&nbsp;<a href="https://en.wikipedia.org/wiki/Ferrari" title="Ferrari">Ferrari</a>. The car replaced the&nbsp;<a href="https://en.wikipedia.org/wiki/Ferrari_458" title="Ferrari 458">458</a>, being the first mid-engine Ferrari to use a turbocharged V8 since the&nbsp;<a href="https://en.wikipedia.org/wiki/Ferrari_F40" title="Ferrari F40">F40</a>. It was succeeded by the&nbsp;<a href="https://en.wikipedia.org/wiki/Ferrari_F8" title="Ferrari F8">Ferrari F8</a>.</p>	photos/2024/12/18/1902536891.jpg	photos/2024/12/18/1902536917.jpg	photos/2024/12/18/1902537043.jpg	photos/2024/12/18/1902537077.jpg	photos/2024/12/18/1902537082.jpg	Cruise Control,Audio Interface,Airbags,Air Conditioning,Reversing Camera,Auto Start/Stop,Wind Deflector,Bluetooth Handset	Sport	3.4 Mid-Engine V6	Automatic	Grey	10000	3	2	WP0AB2C3D4E5F6G7H8	5	Gasoline	1	t	2024-12-18
7	2024 Tesla Model Y	FL	Miami	Cyan	Model Y	2024	Excellent	85000	<p>The <strong><span style="color:#2980b9">2024 </span><span style="color:#c0392b">Tesla Model Y</span> </strong>model comes in 5 trim levels. Canadian pricing ranges from $53,990 to $68,990 MSRP. The entry-level, Base Trim model starts at<span style="color:#c0392b"><strong> $53,990</strong></span> Canadian dollars for the Electric: 203-kW motor &amp; F battery. The price for the mid-range Long Range trim is $63,990 MSRP. The most expensive in the lineup, Performance is priced at <strong><span style="color:#c0392b">$68,990</span> </strong>Canadian dollars. Freight and PDI (also called Destination or Delivery charges by some brands) is<span style="color:#c0392b"><strong> $1,880 </strong></span>Canadian dollars but this can vary between provinces and dealers.</p>	photos/2024/12/22/Tesla_1.jpg	photos/2024/12/22/Tesla_2.jpg	photos/2024/12/22/Tesla_3.jpg	photos/2024/12/22/Tesla_4.jpg	photos/2024/12/22/Tesla_5.jpg	Cruise Control,Audio Interface,Airbags,Air Conditioning,Seat Heating,Alarm System,ParkAssist,Power Steering,Reversing Camera,Direct Fuel Injection,Auto Start/Stop,Wind Deflector,Bluetooth Handset	Sport	2.7 Mid-Engine V2	Automatic	White	0	5	7	T098J6k(lk%87M643D4E5F6G7H8	0	Eletric Power	1	t	2024-12-22
8	BYD SONG PRO	MA	Boston	Blue	Song Pro	2025	New	45000	<p>Como um <strong><span style="background-color:#2980b9">SUV super h&iacute;brido</span></strong> plug-in (PHEV), o<span style="color:#c0392b"><strong> BYD SONG PLUS PREMIUM DM-i</strong></span> oferece uma experi&ecirc;ncia de dire&ccedil;&atilde;o excepcionalmente sustent&aacute;vel. Ele combina alta efici&ecirc;ncia energ&eacute;tica e economia de combust&iacute;vel, acelera&ccedil;&atilde;o r&aacute;pida e responsiva, condu&ccedil;&atilde;o silenciosa e confort&aacute;vel, garantindo suavidade em cada viagem.</p>	photos/2024/12/22/BYDSongPro_1.jpg	photos/2024/12/22/BYDSongPro_2.jpg	photos/2024/12/22/BYDSongPro_3.jpg	photos/2024/12/22/BYDSongPro_4.jpeg	photos/2024/12/22/BYDSongPro_5.jpg	Cruise Control,Audio Interface,Airbags,Air Conditioning,Seat Heating,Alarm System,ParkAssist,Power Steering,Reversing Camera,Direct Fuel Injection,Auto Start/Stop,Wind Deflector,Bluetooth Handset	SUV	2.2 Mid-Engine V2	Automatic	White	0	5	7	BYU23K7AB2C3D4E5F6G	0	Eletric Power	1	t	2024-12-22
9	Lexus TX 500h 2025	NY	New York	Celestial Silver Metallic	TX 500h	2025	New	83000	<ul>\r\n\t<li>DIRECT4 AWD System</li>\r\n\t<li>&nbsp;</li>\r\n\t<li><em>F&nbsp;SPORT&nbsp;</em>&nbsp;PERF Bumper</li>\r\n\t<li>&nbsp;</li>\r\n\t<li>Wireless Apple CarPlay&reg;,41&nbsp;and Android Auto&trade;,42&nbsp;Compatibility</li>\r\n\t<li>&nbsp;</li>\r\n\t<li>Lexus Interface including Safety Connect and Service Connect46&nbsp;(up to 10-year trials); Remote Connect35&nbsp;(3-year trial); Drive Connect (3-year trial) with Cloud Navigation, Destination Assist44, and 14&rdquo; Touchscreen Display</li>\r\n\t<li>&nbsp;</li>\r\n\t<li>22&rdquo;&nbsp;<em>F&nbsp;SPORT&nbsp;</em>&nbsp;Alloy Wheels</li>\r\n\t<li>&nbsp;</li>\r\n\t<li>Front and Rear Ventilated and Heated Seats, plus Power Folding 3rd Row Seats</li>\r\n\t<li>&nbsp;</li>\r\n\t<li>2nd Row Captain Seats</li>\r\n\t<li>&nbsp;</li>\r\n\t<li><em>F&nbsp;SPORT&nbsp;</em>&nbsp;Leather Seats</li>\r\n\t<li>&nbsp;</li>\r\n\t<li>Heated Steering Wheel</li>\r\n\t<li>&nbsp;</li>\r\n\t<li>Digital Key49&nbsp;(Active trial or paid subscription to Remote Connect required) and Digital Mirror</li>\r\n\t<li>&nbsp;</li>\r\n\t<li>Power Back Door with Kick Sensor</li>\r\n\t<li>&nbsp;</li>\r\n\t<li>Multi Colour Illumination</li>\r\n\t<li>&nbsp;</li>\r\n\t<li>Active Sound Control</li>\r\n\t<li>&nbsp;</li>\r\n\t<li>Choice of&nbsp;<em>F&nbsp;SPORT&nbsp;</em>&nbsp;Performance Series 2 and 3</li>\r\n</ul>	photos/2024/12/23/Lexus_2025_1.png	photos/2024/12/23/Lexus_2025_2.png	photos/2024/12/23/Lexus_2025_3.png	photos/2024/12/23/Lexus_2025_4.jpg	photos/2024/12/23/Lexus_2025_5.jpg	Cruise Control,Audio Interface,Airbags,Air Conditioning,Seat Heating,Alarm System,ParkAssist,Power Steering,Reversing Camera,Direct Fuel Injection,Auto Start/Stop,Wind Deflector,Bluetooth Handset	SUV	2.4 L 4‑cyl Turbo	Automatic	Gray	0	5	6	LX20252C3D4E5F6G202TX	0	Eletric Power	1	t	2024-12-23
\.


--
-- Data for Name: django_admin_log; Type: TABLE DATA; Schema: public; Owner: postgres
--

COPY public.django_admin_log (id, action_time, object_id, object_repr, action_flag, change_message, content_type_id, user_id) FROM stdin;
1	2024-12-16 07:46:28.234032+00	1	Team object (1)	1	[{"added": {}}]	7	1
2	2024-12-16 07:46:33.500416+00	1	Team object (1)	2	[]	7	1
3	2024-12-16 07:47:12.777075+00	2	Team object (2)	1	[{"added": {}}]	7	1
4	2024-12-16 07:47:35.468512+00	3	Team object (3)	1	[{"added": {}}]	7	1
5	2024-12-16 07:48:05.530765+00	4	Team object (4)	1	[{"added": {}}]	7	1
6	2024-12-16 08:00:29.262983+00	4	Michelle	2	[{"changed": {"fields": ["Photo"]}}]	7	1
7	2024-12-16 08:00:44.625811+00	3	Brandon	2	[{"changed": {"fields": ["Photo"]}}]	7	1
8	2024-12-16 08:00:56.634075+00	2	Stone	2	[{"changed": {"fields": ["Photo"]}}]	7	1
9	2024-12-16 08:01:06.902983+00	1	Martin	2	[{"changed": {"fields": ["Photo"]}}]	7	1
10	2024-12-16 08:02:13.544645+00	1	Martin	2	[]	7	1
11	2024-12-16 08:31:00.915253+00	5	Romilson	1	[{"added": {}}]	7	1
12	2024-12-16 19:53:22.808092+00	6	Nandni	1	[{"added": {}}]	7	1
13	2024-12-16 19:59:29.243671+00	5	Romilson	2	[{"changed": {"fields": ["Photo"]}}]	7	1
14	2024-12-18 08:27:37.395533+00	1	Car object (1)	1	[{"added": {}}]	8	1
15	2024-12-18 08:33:24.947091+00	2	Car object (2)	1	[{"added": {}}]	8	1
16	2024-12-18 08:38:31.286952+00	3	Car object (3)	1	[{"added": {}}]	8	1
17	2024-12-18 08:38:58.600241+00	3	Car object (3)	2	[]	8	1
18	2024-12-18 08:43:40.180006+00	4	Car object (4)	1	[{"added": {}}]	8	1
19	2024-12-18 08:47:56.672206+00	5	Car object (5)	1	[{"added": {}}]	8	1
20	2024-12-18 08:48:22.623306+00	5	Car object (5)	2	[]	8	1
21	2024-12-18 08:58:46.05587+00	3	FORD F250 Super Duty 2017	2	[{"changed": {"fields": ["Is featured"]}}]	8	1
22	2024-12-18 08:58:55.877694+00	5	Toyota 4Runner - 2018	2	[{"changed": {"fields": ["Is featured"]}}]	8	1
23	2024-12-18 09:13:35.466783+00	1	2017 Ferrari 488 GTS	2	[{"changed": {"fields": ["Is featured"]}}]	8	1
24	2024-12-18 09:13:42.686301+00	1	2017 Ferrari 488 GTS	2	[{"changed": {"fields": ["Is featured"]}}]	8	1
25	2024-12-19 04:28:49.736048+00	5	Toyota 4Runner - 2018	2	[{"changed": {"fields": ["Is featured"]}}]	8	1
26	2024-12-19 04:44:13.346891+00	4	JAGUAR F-PACE - 2017	2	[{"changed": {"fields": ["Car photo 4"]}}]	8	1
27	2024-12-19 06:02:50.743523+00	5	Toyota 4Runner - 2018	2	[{"changed": {"fields": ["Is featured"]}}]	8	1
28	2024-12-19 06:13:23.023491+00	3	FORD F250 Super Duty 2017	2	[{"changed": {"fields": ["Is featured"]}}]	8	1
29	2024-12-19 06:24:14.137375+00	5	Toyota 4Runner - 2018	2	[{"changed": {"fields": ["Is featured"]}}]	8	1
30	2024-12-19 06:26:11.896798+00	3	FORD F250 Super Duty 2017	2	[{"changed": {"fields": ["Is featured"]}}]	8	1
31	2024-12-19 06:26:11.899757+00	2	FORD EDGE 2017	2	[{"changed": {"fields": ["Is featured"]}}]	8	1
32	2024-12-19 06:26:11.903422+00	1	2017 Ferrari 488 GTS	2	[{"changed": {"fields": ["Is featured"]}}]	8	1
33	2024-12-19 07:00:19.369473+00	4	JAGUAR F-PACE - 2017	2	[{"changed": {"fields": ["Car photo 4"]}}]	8	1
34	2024-12-19 07:00:27.068441+00	4	JAGUAR F-PACE - 2017	2	[]	8	1
35	2024-12-19 07:23:15.282857+00	4	JAGUAR F-PACE - 2017	2	[{"changed": {"fields": ["Is featured"]}}]	8	1
36	2024-12-19 07:24:08.24193+00	3	FORD F250 Super Duty 2017	2	[{"changed": {"fields": ["Is featured"]}}]	8	1
37	2024-12-19 07:24:08.245596+00	2	FORD EDGE 2017	2	[{"changed": {"fields": ["Is featured"]}}]	8	1
38	2024-12-19 07:24:08.247596+00	1	2017 Ferrari 488 GTS	2	[{"changed": {"fields": ["Is featured"]}}]	8	1
39	2024-12-19 07:26:50.475244+00	4	JAGUAR F-PACE - 2017	2	[{"changed": {"fields": ["Is featured"]}}]	8	1
40	2024-12-19 07:27:01.775794+00	4	JAGUAR F-PACE - 2017	2	[{"changed": {"fields": ["Is featured"]}}]	8	1
41	2024-12-19 07:28:37.234474+00	4	JAGUAR F-PACE - 2017	2	[{"changed": {"fields": ["Is featured"]}}]	8	1
42	2024-12-19 07:28:46.017251+00	4	JAGUAR F-PACE - 2017	2	[{"changed": {"fields": ["Is featured"]}}]	8	1
43	2024-12-19 07:32:35.804503+00	4	JAGUAR F-PACE - 2017	2	[{"changed": {"fields": ["Is featured"]}}]	8	1
44	2024-12-19 07:49:34.90945+00	6	Carro Anavrim	1	[{"added": {}}]	8	1
45	2024-12-19 07:56:07.811098+00	6	Carro Anavrim	2	[{"changed": {"fields": ["Is featured"]}}]	8	1
46	2024-12-19 22:48:37.523012+00	6	Carro Anavrim	3		8	1
47	2024-12-20 22:35:40.095162+00	4	JAGUAR F-PACE - 2017	2	[]	8	1
48	2024-12-20 23:12:33.61499+00	2	FORD EDGE 2017	2	[{"changed": {"fields": ["Features"]}}]	8	1
49	2024-12-22 23:24:07.12096+00	7	2024 Tesla Model Y	1	[{"added": {}}]	8	1
50	2024-12-22 23:37:41.326407+00	8	BYD SONG PRO	1	[{"added": {}}]	8	1
51	2024-12-22 23:45:35.764854+00	8	BYD SONG PRO	2	[]	8	1
52	2024-12-23 21:56:29.409049+00	7	2024 Tesla Model Y	2	[]	8	1
53	2024-12-23 21:56:38.570638+00	8	BYD SONG PRO	2	[{"changed": {"fields": ["Is featured"]}}]	8	1
54	2024-12-23 21:57:57.839075+00	8	BYD SONG PRO	2	[]	8	1
55	2024-12-23 21:58:03.487286+00	8	BYD SONG PRO	2	[{"changed": {"fields": ["Is featured"]}}]	8	1
56	2024-12-23 21:58:03.491562+00	7	2024 Tesla Model Y	2	[{"changed": {"fields": ["Is featured"]}}]	8	1
57	2024-12-23 21:58:31.198816+00	7	2024 Tesla Model Y	2	[{"changed": {"fields": ["Is featured"]}}]	8	1
58	2024-12-23 23:20:47.609112+00	9	Lexus TX 500h 2025	1	[{"added": {}}]	8	1
59	2024-12-26 07:00:52.991352+00	8	BYD SONG PRO	2	[{"changed": {"fields": ["Year"]}}]	8	1
60	2024-12-26 07:12:25.050685+00	9	Lexus TX 500h 2025	2	[{"changed": {"fields": ["Year"]}}]	8	1
\.


--
-- Data for Name: django_content_type; Type: TABLE DATA; Schema: public; Owner: postgres
--

COPY public.django_content_type (id, app_label, model) FROM stdin;
1	admin	logentry
2	auth	permission
3	auth	group
4	auth	user
5	contenttypes	contenttype
6	sessions	session
7	pages	team
8	cars	car
\.


--
-- Data for Name: django_migrations; Type: TABLE DATA; Schema: public; Owner: postgres
--

COPY public.django_migrations (id, app, name, applied) FROM stdin;
1	contenttypes	0001_initial	2024-12-16 07:13:58.38484+00
2	auth	0001_initial	2024-12-16 07:13:58.421741+00
3	admin	0001_initial	2024-12-16 07:13:58.437007+00
4	admin	0002_logentry_remove_auto_add	2024-12-16 07:13:58.442013+00
5	admin	0003_logentry_add_action_flag_choices	2024-12-16 07:13:58.451958+00
6	contenttypes	0002_remove_content_type_name	2024-12-16 07:13:58.475402+00
7	auth	0002_alter_permission_name_max_length	2024-12-16 07:13:58.484948+00
8	auth	0003_alter_user_email_max_length	2024-12-16 07:13:58.491658+00
9	auth	0004_alter_user_username_opts	2024-12-16 07:13:58.498205+00
10	auth	0005_alter_user_last_login_null	2024-12-16 07:13:58.506765+00
11	auth	0006_require_contenttypes_0002	2024-12-16 07:13:58.509293+00
12	auth	0007_alter_validators_add_error_messages	2024-12-16 07:13:58.516172+00
13	auth	0008_alter_user_username_max_length	2024-12-16 07:13:58.5255+00
14	auth	0009_alter_user_last_name_max_length	2024-12-16 07:13:58.534307+00
15	auth	0010_alter_group_name_max_length	2024-12-16 07:13:58.542545+00
16	auth	0011_update_proxy_permissions	2024-12-16 07:13:58.547994+00
17	auth	0012_alter_user_first_name_max_length	2024-12-16 07:13:58.556185+00
18	sessions	0001_initial	2024-12-16 07:13:58.565711+00
19	pages	0001_initial	2024-12-16 07:33:34.83163+00
20	cars	0001_initial	2024-12-18 07:48:59.529257+00
21	cars	0002_alter_car_fuel_type_alter_car_is_featured_and_more	2024-12-18 07:55:09.659831+00
22	cars	0003_alter_car_doors	2024-12-18 07:56:13.31542+00
23	cars	0004_alter_car_description	2024-12-18 08:09:51.030215+00
24	cars	0005_alter_car_features	2024-12-18 08:16:11.678872+00
25	cars	0006_alter_car_car_photo_1_alter_car_car_photo_2_and_more	2024-12-19 04:42:55.055844+00
26	cars	0007_alter_car_year	2024-12-25 06:28:03.619045+00
\.


--
-- Data for Name: django_session; Type: TABLE DATA; Schema: public; Owner: postgres
--

COPY public.django_session (session_key, session_data, expire_date) FROM stdin;
p2j7d8qppovtebe0txf5a6ficpxiv8ls	.eJxVjEEOwiAQRe_C2pACM9i6dN8zNDMwSNVAUtqV8e7apAvd_vfef6mJtjVPW5NlmqO6KKNOvxtTeEjZQbxTuVUdalmXmfWu6IM2PdYoz-vh_h1kavlbp94jQvTMPnkbjAiCRTd0lORskoXoOJDxAQS9hc454wgGTD0jBwH1_gDhDTfM:1tN5MF:98VdzbjtnaIIvZjsyYBvCnDE4jwtWmSiWn_P0gk7av8	2024-12-30 07:17:35.302727+00
cu58v21phclt5mw4whetbkhgqai1p7v6	.eJxVjEEOwiAQRe_C2pACM9i6dN8zNDMwSNVAUtqV8e7apAvd_vfef6mJtjVPW5NlmqO6KKNOvxtTeEjZQbxTuVUdalmXmfWu6IM2PdYoz-vh_h1kavlbp94jQvTMPnkbjAiCRTd0lORskoXoOJDxAQS9hc454wgGTD0jBwH1_gDhDTfM:1tNIvi:-w12yWIiyL2vogKx9FX6xSDS7hvGEGNVglT5LPMnZd4	2024-12-30 21:47:06.719829+00
\.


--
-- Data for Name: pages_team; Type: TABLE DATA; Schema: public; Owner: postgres
--

COPY public.pages_team (id, first_name, last_name, designation, photo, facebook_link, twitter_link, google_plus_link, created_date) FROM stdin;
4	Michelle	Nelson	Support Manager	photos/2024/12/16/avatar-10.jpg	https://www.facebook.com/search/top?q=martin%20smith	https://x.com/MartinSmithDocs	http://www.google.com	2024-12-16 07:48:05.528765+00
3	Brandon	Miller	Manager	photos/2024/12/16/avatar-11.jpg	https://www.facebook.com/search/top?q=martin%20smith	https://x.com/MartinSmithDocs	http://www.google.com	2024-12-16 07:47:35.466111+00
2	Stone	Carolyn	Creative Director	photos/2024/12/16/avatar-9.jpg	https://www.facebook.com/search/top?q=martin%20smith	https://x.com/MartinSmithDocs	http://www.google.com	2024-12-16 07:47:12.774921+00
1	Martin	Smitch	Web Developer	photos/2024/12/16/avatar-12.jpg	https://www.facebook.com/search/top?q=martin%20smith	https://x.com/MartinSmithDocs	http://www.google.com	2024-12-16 07:46:28.230013+00
6	Nandni	Bhardwaj	Onwer	photos/2024/12/16/nandini.jpg	https://www.facebook.com/nandni.bhardwaj.37	https://x.com/	http://www.google.com	2024-12-16 19:53:22.804393+00
5	Romilson	Lemes	System Analisty	photos/2024/12/16/Romilson.jpg	https://www.facebook.com/profile.php?id=100009146038029	https://x.com/romilsonlemes	http://www.google.com	2024-12-16 08:31:00.912742+00
\.


--
-- Name: auth_group_id_seq; Type: SEQUENCE SET; Schema: public; Owner: postgres
--

SELECT pg_catalog.setval('public.auth_group_id_seq', 1, false);


--
-- Name: auth_group_permissions_id_seq; Type: SEQUENCE SET; Schema: public; Owner: postgres
--

SELECT pg_catalog.setval('public.auth_group_permissions_id_seq', 1, false);


--
-- Name: auth_permission_id_seq; Type: SEQUENCE SET; Schema: public; Owner: postgres
--

SELECT pg_catalog.setval('public.auth_permission_id_seq', 32, true);


--
-- Name: auth_user_groups_id_seq; Type: SEQUENCE SET; Schema: public; Owner: postgres
--

SELECT pg_catalog.setval('public.auth_user_groups_id_seq', 1, false);


--
-- Name: auth_user_id_seq; Type: SEQUENCE SET; Schema: public; Owner: postgres
--

SELECT pg_catalog.setval('public.auth_user_id_seq', 1, true);


--
-- Name: auth_user_user_permissions_id_seq; Type: SEQUENCE SET; Schema: public; Owner: postgres
--

SELECT pg_catalog.setval('public.auth_user_user_permissions_id_seq', 1, false);


--
-- Name: cars_car_id_seq; Type: SEQUENCE SET; Schema: public; Owner: postgres
--

SELECT pg_catalog.setval('public.cars_car_id_seq', 9, true);


--
-- Name: django_admin_log_id_seq; Type: SEQUENCE SET; Schema: public; Owner: postgres
--

SELECT pg_catalog.setval('public.django_admin_log_id_seq', 60, true);


--
-- Name: django_content_type_id_seq; Type: SEQUENCE SET; Schema: public; Owner: postgres
--

SELECT pg_catalog.setval('public.django_content_type_id_seq', 8, true);


--
-- Name: django_migrations_id_seq; Type: SEQUENCE SET; Schema: public; Owner: postgres
--

SELECT pg_catalog.setval('public.django_migrations_id_seq', 26, true);


--
-- Name: pages_team_id_seq; Type: SEQUENCE SET; Schema: public; Owner: postgres
--

SELECT pg_catalog.setval('public.pages_team_id_seq', 6, true);


--
-- Name: auth_group auth_group_name_key; Type: CONSTRAINT; Schema: public; Owner: postgres
--

ALTER TABLE ONLY public.auth_group
    ADD CONSTRAINT auth_group_name_key UNIQUE (name);


--
-- Name: auth_group_permissions auth_group_permissions_group_id_permission_id_0cd325b0_uniq; Type: CONSTRAINT; Schema: public; Owner: postgres
--

ALTER TABLE ONLY public.auth_group_permissions
    ADD CONSTRAINT auth_group_permissions_group_id_permission_id_0cd325b0_uniq UNIQUE (group_id, permission_id);


--
-- Name: auth_group_permissions auth_group_permissions_pkey; Type: CONSTRAINT; Schema: public; Owner: postgres
--

ALTER TABLE ONLY public.auth_group_permissions
    ADD CONSTRAINT auth_group_permissions_pkey PRIMARY KEY (id);


--
-- Name: auth_group auth_group_pkey; Type: CONSTRAINT; Schema: public; Owner: postgres
--

ALTER TABLE ONLY public.auth_group
    ADD CONSTRAINT auth_group_pkey PRIMARY KEY (id);


--
-- Name: auth_permission auth_permission_content_type_id_codename_01ab375a_uniq; Type: CONSTRAINT; Schema: public; Owner: postgres
--

ALTER TABLE ONLY public.auth_permission
    ADD CONSTRAINT auth_permission_content_type_id_codename_01ab375a_uniq UNIQUE (content_type_id, codename);


--
-- Name: auth_permission auth_permission_pkey; Type: CONSTRAINT; Schema: public; Owner: postgres
--

ALTER TABLE ONLY public.auth_permission
    ADD CONSTRAINT auth_permission_pkey PRIMARY KEY (id);


--
-- Name: auth_user_groups auth_user_groups_pkey; Type: CONSTRAINT; Schema: public; Owner: postgres
--

ALTER TABLE ONLY public.auth_user_groups
    ADD CONSTRAINT auth_user_groups_pkey PRIMARY KEY (id);


--
-- Name: auth_user_groups auth_user_groups_user_id_group_id_94350c0c_uniq; Type: CONSTRAINT; Schema: public; Owner: postgres
--

ALTER TABLE ONLY public.auth_user_groups
    ADD CONSTRAINT auth_user_groups_user_id_group_id_94350c0c_uniq UNIQUE (user_id, group_id);


--
-- Name: auth_user auth_user_pkey; Type: CONSTRAINT; Schema: public; Owner: postgres
--

ALTER TABLE ONLY public.auth_user
    ADD CONSTRAINT auth_user_pkey PRIMARY KEY (id);


--
-- Name: auth_user_user_permissions auth_user_user_permissions_pkey; Type: CONSTRAINT; Schema: public; Owner: postgres
--

ALTER TABLE ONLY public.auth_user_user_permissions
    ADD CONSTRAINT auth_user_user_permissions_pkey PRIMARY KEY (id);


--
-- Name: auth_user_user_permissions auth_user_user_permissions_user_id_permission_id_14a6b632_uniq; Type: CONSTRAINT; Schema: public; Owner: postgres
--

ALTER TABLE ONLY public.auth_user_user_permissions
    ADD CONSTRAINT auth_user_user_permissions_user_id_permission_id_14a6b632_uniq UNIQUE (user_id, permission_id);


--
-- Name: auth_user auth_user_username_key; Type: CONSTRAINT; Schema: public; Owner: postgres
--

ALTER TABLE ONLY public.auth_user
    ADD CONSTRAINT auth_user_username_key UNIQUE (username);


--
-- Name: cars_car cars_car_pkey; Type: CONSTRAINT; Schema: public; Owner: postgres
--

ALTER TABLE ONLY public.cars_car
    ADD CONSTRAINT cars_car_pkey PRIMARY KEY (id);


--
-- Name: django_admin_log django_admin_log_pkey; Type: CONSTRAINT; Schema: public; Owner: postgres
--

ALTER TABLE ONLY public.django_admin_log
    ADD CONSTRAINT django_admin_log_pkey PRIMARY KEY (id);


--
-- Name: django_content_type django_content_type_app_label_model_76bd3d3b_uniq; Type: CONSTRAINT; Schema: public; Owner: postgres
--

ALTER TABLE ONLY public.django_content_type
    ADD CONSTRAINT django_content_type_app_label_model_76bd3d3b_uniq UNIQUE (app_label, model);


--
-- Name: django_content_type django_content_type_pkey; Type: CONSTRAINT; Schema: public; Owner: postgres
--

ALTER TABLE ONLY public.django_content_type
    ADD CONSTRAINT django_content_type_pkey PRIMARY KEY (id);


--
-- Name: django_migrations django_migrations_pkey; Type: CONSTRAINT; Schema: public; Owner: postgres
--

ALTER TABLE ONLY public.django_migrations
    ADD CONSTRAINT django_migrations_pkey PRIMARY KEY (id);


--
-- Name: django_session django_session_pkey; Type: CONSTRAINT; Schema: public; Owner: postgres
--

ALTER TABLE ONLY public.django_session
    ADD CONSTRAINT django_session_pkey PRIMARY KEY (session_key);


--
-- Name: pages_team pages_team_pkey; Type: CONSTRAINT; Schema: public; Owner: postgres
--

ALTER TABLE ONLY public.pages_team
    ADD CONSTRAINT pages_team_pkey PRIMARY KEY (id);


--
-- Name: auth_group_name_a6ea08ec_like; Type: INDEX; Schema: public; Owner: postgres
--

CREATE INDEX auth_group_name_a6ea08ec_like ON public.auth_group USING btree (name varchar_pattern_ops);


--
-- Name: auth_group_permissions_group_id_b120cbf9; Type: INDEX; Schema: public; Owner: postgres
--

CREATE INDEX auth_group_permissions_group_id_b120cbf9 ON public.auth_group_permissions USING btree (group_id);


--
-- Name: auth_group_permissions_permission_id_84c5c92e; Type: INDEX; Schema: public; Owner: postgres
--

CREATE INDEX auth_group_permissions_permission_id_84c5c92e ON public.auth_group_permissions USING btree (permission_id);


--
-- Name: auth_permission_content_type_id_2f476e4b; Type: INDEX; Schema: public; Owner: postgres
--

CREATE INDEX auth_permission_content_type_id_2f476e4b ON public.auth_permission USING btree (content_type_id);


--
-- Name: auth_user_groups_group_id_97559544; Type: INDEX; Schema: public; Owner: postgres
--

CREATE INDEX auth_user_groups_group_id_97559544 ON public.auth_user_groups USING btree (group_id);


--
-- Name: auth_user_groups_user_id_6a12ed8b; Type: INDEX; Schema: public; Owner: postgres
--

CREATE INDEX auth_user_groups_user_id_6a12ed8b ON public.auth_user_groups USING btree (user_id);


--
-- Name: auth_user_user_permissions_permission_id_1fbb5f2c; Type: INDEX; Schema: public; Owner: postgres
--

CREATE INDEX auth_user_user_permissions_permission_id_1fbb5f2c ON public.auth_user_user_permissions USING btree (permission_id);


--
-- Name: auth_user_user_permissions_user_id_a95ead1b; Type: INDEX; Schema: public; Owner: postgres
--

CREATE INDEX auth_user_user_permissions_user_id_a95ead1b ON public.auth_user_user_permissions USING btree (user_id);


--
-- Name: auth_user_username_6821ab7c_like; Type: INDEX; Schema: public; Owner: postgres
--

CREATE INDEX auth_user_username_6821ab7c_like ON public.auth_user USING btree (username varchar_pattern_ops);


--
-- Name: django_admin_log_content_type_id_c4bce8eb; Type: INDEX; Schema: public; Owner: postgres
--

CREATE INDEX django_admin_log_content_type_id_c4bce8eb ON public.django_admin_log USING btree (content_type_id);


--
-- Name: django_admin_log_user_id_c564eba6; Type: INDEX; Schema: public; Owner: postgres
--

CREATE INDEX django_admin_log_user_id_c564eba6 ON public.django_admin_log USING btree (user_id);


--
-- Name: django_session_expire_date_a5c62663; Type: INDEX; Schema: public; Owner: postgres
--

CREATE INDEX django_session_expire_date_a5c62663 ON public.django_session USING btree (expire_date);


--
-- Name: django_session_session_key_c0390e0f_like; Type: INDEX; Schema: public; Owner: postgres
--

CREATE INDEX django_session_session_key_c0390e0f_like ON public.django_session USING btree (session_key varchar_pattern_ops);


--
-- Name: auth_group_permissions auth_group_permissio_permission_id_84c5c92e_fk_auth_perm; Type: FK CONSTRAINT; Schema: public; Owner: postgres
--

ALTER TABLE ONLY public.auth_group_permissions
    ADD CONSTRAINT auth_group_permissio_permission_id_84c5c92e_fk_auth_perm FOREIGN KEY (permission_id) REFERENCES public.auth_permission(id) DEFERRABLE INITIALLY DEFERRED;


--
-- Name: auth_group_permissions auth_group_permissions_group_id_b120cbf9_fk_auth_group_id; Type: FK CONSTRAINT; Schema: public; Owner: postgres
--

ALTER TABLE ONLY public.auth_group_permissions
    ADD CONSTRAINT auth_group_permissions_group_id_b120cbf9_fk_auth_group_id FOREIGN KEY (group_id) REFERENCES public.auth_group(id) DEFERRABLE INITIALLY DEFERRED;


--
-- Name: auth_permission auth_permission_content_type_id_2f476e4b_fk_django_co; Type: FK CONSTRAINT; Schema: public; Owner: postgres
--

ALTER TABLE ONLY public.auth_permission
    ADD CONSTRAINT auth_permission_content_type_id_2f476e4b_fk_django_co FOREIGN KEY (content_type_id) REFERENCES public.django_content_type(id) DEFERRABLE INITIALLY DEFERRED;


--
-- Name: auth_user_groups auth_user_groups_group_id_97559544_fk_auth_group_id; Type: FK CONSTRAINT; Schema: public; Owner: postgres
--

ALTER TABLE ONLY public.auth_user_groups
    ADD CONSTRAINT auth_user_groups_group_id_97559544_fk_auth_group_id FOREIGN KEY (group_id) REFERENCES public.auth_group(id) DEFERRABLE INITIALLY DEFERRED;


--
-- Name: auth_user_groups auth_user_groups_user_id_6a12ed8b_fk_auth_user_id; Type: FK CONSTRAINT; Schema: public; Owner: postgres
--

ALTER TABLE ONLY public.auth_user_groups
    ADD CONSTRAINT auth_user_groups_user_id_6a12ed8b_fk_auth_user_id FOREIGN KEY (user_id) REFERENCES public.auth_user(id) DEFERRABLE INITIALLY DEFERRED;


--
-- Name: auth_user_user_permissions auth_user_user_permi_permission_id_1fbb5f2c_fk_auth_perm; Type: FK CONSTRAINT; Schema: public; Owner: postgres
--

ALTER TABLE ONLY public.auth_user_user_permissions
    ADD CONSTRAINT auth_user_user_permi_permission_id_1fbb5f2c_fk_auth_perm FOREIGN KEY (permission_id) REFERENCES public.auth_permission(id) DEFERRABLE INITIALLY DEFERRED;


--
-- Name: auth_user_user_permissions auth_user_user_permissions_user_id_a95ead1b_fk_auth_user_id; Type: FK CONSTRAINT; Schema: public; Owner: postgres
--

ALTER TABLE ONLY public.auth_user_user_permissions
    ADD CONSTRAINT auth_user_user_permissions_user_id_a95ead1b_fk_auth_user_id FOREIGN KEY (user_id) REFERENCES public.auth_user(id) DEFERRABLE INITIALLY DEFERRED;


--
-- Name: django_admin_log django_admin_log_content_type_id_c4bce8eb_fk_django_co; Type: FK CONSTRAINT; Schema: public; Owner: postgres
--

ALTER TABLE ONLY public.django_admin_log
    ADD CONSTRAINT django_admin_log_content_type_id_c4bce8eb_fk_django_co FOREIGN KEY (content_type_id) REFERENCES public.django_content_type(id) DEFERRABLE INITIALLY DEFERRED;


--
-- Name: django_admin_log django_admin_log_user_id_c564eba6_fk_auth_user_id; Type: FK CONSTRAINT; Schema: public; Owner: postgres
--

ALTER TABLE ONLY public.django_admin_log
    ADD CONSTRAINT django_admin_log_user_id_c564eba6_fk_auth_user_id FOREIGN KEY (user_id) REFERENCES public.auth_user(id) DEFERRABLE INITIALLY DEFERRED;


--
-- PostgreSQL database dump complete
--

